city,state,population_2024_estimate,population_year,scraped_date,data_source,median_home_value,price_year_month,price_source,city_size_category,home_value_per_capita,log_home_value,log_population,rank_cheapest_in_segment,rank_most_expensive_in_segment,below_segment_median_price
Detroit,MI,645705,2024,2025-12-22,Wikipedia – List of United States cities by population,76340.01348574048,2025-11-30,Zillow ZHVI (City),Large (500k–1M),0.1182273847743791,4.882752232332783,5.81003414936697,1.0,27.0,True
Memphis,TN,610919,2024,2025-12-22,Wikipedia – List of United States cities by population,143363.2829518921,2025-11-30,Zillow ZHVI (City),Large (500k–1M),0.2346682341716202,5.156437937571721,5.78598363219837,2.0,26.0,True
Baltimore,MD,568271,2024,2025-12-22,Wikipedia – List of United States cities by population,186123.2686665506,2025-11-30,Zillow ZHVI (City),Large (500k–1M),0.3275255444436732,5.269800670937207,5.754555493698554,3.0,25.0,True
Oklahoma City,OK,712919,2024,2025-12-22,Wikipedia – List of United States cities by population,202976.03599854768,2025-11-30,Zillow ZHVI (City),Large (500k–1M),0.2847112168402689,5.307444766741103,5.853040189246864,4.0,24.0,True
Milwaukee,WI,563531,2024,2025-12-22,Wikipedia – List of United States cities by population,213912.7700626565,2025-11-30,Zillow ZHVI (City),Large (500k–1M),0.3795936160790737,5.330236711650545,5.750917811701783,5.0,23.0,True
Indianapolis,IN,891484,2024,2025-12-22,Wikipedia – List of United States cities by population,226477.0747691583,2025-11-30,Zillow ZHVI (City),Large (500k–1M),0.2540450246657913,5.355024246944218,5.950113553036818,6.0,22.0,True
El Paso,TX,681723,2024,2025-12-22,Wikipedia – List of United States cities by population,229646.3108980382,2025-11-30,Zillow ZHVI (City),Large (500k–1M),0.3368616151986044,5.361059473183101,5.833607946491608,7.0,21.0,True
Columbus,OH,933263,2024,2025-12-22,Wikipedia – List of United States cities by population,241744.1804126985,2025-11-30,Zillow ZHVI (City),Large (500k–1M),0.2590311417174992,5.383356027966731,5.970004048198066,8.0,20.0,True
Kansas City,MO,516032,2024,2025-12-22,Wikipedia – List of United States cities by population,241959.67824952005,2025-11-30,Zillow ZHVI (City),Large (500k–1M),0.4688850269935198,5.383742998324357,5.71267663378324,9.0,19.0,True
Louisville,KY,640796,2024,2025-12-22,Wikipedia – List of United States cities by population,251363.2603966976,2025-11-30,Zillow ZHVI (City),Large (500k–1M),0.392267212024884,5.400301800903693,5.8067197921158975,10.0,18.0,True
Tucson,AZ,554013,2024,2025-12-22,Wikipedia – List of United States cities by population,321510.060611714,2025-11-30,Zillow ZHVI (City),Large (500k–1M),0.5803294518571117,5.507194567306245,5.743519955634611,11.0,17.0,True
Albuquerque,NM,560326,2024,2025-12-22,Wikipedia – List of United States cities by population,336594.9453692512,2025-11-30,Zillow ZHVI (City),Large (500k–1M),0.6007127018365223,5.527107589908597,5.748440774876189,12.0,16.0,True
Fresno,CA,550105,2024,2025-12-22,Wikipedia – List of United States cities by population,381951.9361745203,2025-11-30,Zillow ZHVI (City),Large (500k–1M),0.6943255127194268,5.582008715876407,5.740445592345768,13.0,15.0,True
Atlanta,GA,520070,2024,2025-12-22,Wikipedia – List of United States cities by population,384900.3884931044,2025-11-30,Zillow ZHVI (City),Large (500k–1M),0.7400934268331271,5.585348349443062,5.71606180241888,14.0,14.0,False
Charlotte,NC,943476,2024,2025-12-22,Wikipedia – List of United States cities by population,393099.3433422051,2025-11-30,Zillow ZHVI (City),Large (500k–1M),0.416650072012648,5.594502318347957,5.974730857124019,15.0,13.0,False
Las Vegas,NV,678922,2024,2025-12-22,Wikipedia – List of United States cities by population,422427.8647095609,2025-11-30,Zillow ZHVI (City),Large (500k–1M),0.6222038241647212,5.625752557940686,5.831819881916101,16.0,12.0,False
Mesa,AZ,517151,2024,2025-12-22,Wikipedia – List of United States cities by population,427262.1286808439,2025-11-30,Zillow ZHVI (City),Large (500k–1M),0.8261844774173189,5.630694399875863,5.713617368803599,17.0,11.0,False
Nashville,TN,704963,2024,2025-12-22,Wikipedia – List of United States cities by population,431040.2559484339,2025-11-30,Zillow ZHVI (City),Large (500k–1M),0.611436707952664,5.634517831923737,5.848166323633227,18.0,10.0,False
Sacramento,CA,535798,2024,2025-12-22,Wikipedia – List of United States cities by population,469541.7762851687,2025-11-30,Zillow ZHVI (City),Large (500k–1M),0.8763410395058748,5.671674238568,5.729001088162476,19.0,9.0,False
Austin,TX,993588,2024,2025-12-22,Wikipedia – List of United States cities by population,490209.30981528806,2025-11-30,Zillow ZHVI (City),Large (500k–1M),0.4933728163134901,5.690381554902623,5.997206337698393,20.0,8.0,False
Jackson,MS,141449,2024,2025-12-22,Wikipedia – List of United States cities by population,81322.86193082952,2025-11-30,Zillow ZHVI (City),Medium (100k–500k),0.5749270898403631,4.910212654015386,5.15059988147829,1.0,302.0,True
Cleveland,OH,365379,2024,2025-12-22,Wikipedia – List of United States cities by population,111917.08389550356,2025-11-30,Zillow ZHVI (City),Medium (100k–500k),0.3063040949137842,5.048896385681497,5.562743582846283,2.0,301.0,True
Toledo,OH,265638,2024,2025-12-22,Wikipedia – List of United States cities by population,126351.92153964924,2025-11-30,Zillow ZHVI (City),Medium (100k–500k),0.4756545431739782,5.101581850986609,5.424290201757163,3.0,300.0,True
Peoria,IL,111696,2024,2025-12-22,Wikipedia – List of United States cities by population,127324.74862812612,2025-11-30,Zillow ZHVI (City),Medium (100k–500k),1.1399221872594016,5.104912827439808,5.048037620662317,4.0,299.0,True
Shreveport,LA,176578,2024,2025-12-22,Wikipedia – List of United States cities by population,132659.1170663321,2025-11-30,Zillow ZHVI (City),Medium (100k–500k),0.751277719004248,5.122737102456584,5.2469365935010215,5.0,298.0,True
Birmingham,AL,196357,2024,2025-12-22,Wikipedia – List of United States cities by population,132724.73140922678,2025-11-30,Zillow ZHVI (City),Medium (100k–500k),0.6759358281559953,5.122951855146299,5.293046388199687,6.0,297.0,True
Dayton,OH,136346,2024,2025-12-22,Wikipedia – List of United States cities by population,133564.53476546865,2025-11-30,Zillow ZHVI (City),Medium (100k–500k),0.9795999498736204,5.125691155741622,5.134642401511904,7.0,296.0,True
Akron,OH,189664,2024,2025-12-22,Wikipedia – List of United States cities by population,135023.05134920368,2025-11-30,Zillow ZHVI (City),Medium (100k–500k),0.7119065892800093,5.130407918266545,5.277984905558924,8.0,295.0,True
Montgomery,AL,195818,2024,2025-12-22,Wikipedia – List of United States cities by population,146126.81434866402,2025-11-30,Zillow ZHVI (City),Medium (100k–500k),0.7462379063654211,5.164729916517005,5.291852610558906,9.0,294.0,True
Lansing,MI,114336,2024,2025-12-22,Wikipedia – List of United States cities by population,159352.2683099522,2025-11-30,Zillow ZHVI (City),Medium (100k–500k),1.3937191113031084,5.20235824984605,5.058182994522346,10.0,293.0,True
Springfield,IL,112949,2024,2025-12-22,Wikipedia – List of United States cities by population,160106.10409173754,2025-11-30,Zillow ZHVI (City),Medium (100k–500k),1.4175079380228026,5.204407889838246,5.052882390224028,11.0,292.0,True
Beaumont,TX,112893,2024,2025-12-22,Wikipedia – List of United States cities by population,166524.5154460375,2025-11-30,Zillow ZHVI (City),Medium (100k–500k),1.4750650212682583,5.2214781786182325,5.05266701406295,12.0,291.0,True
Macon,GA,157056,2024,2025-12-22,Wikipedia – List of United States cities by population,166561.035525153,2025-11-30,Zillow ZHVI (City),Medium (100k–500k),1.0605200407826063,5.221573412223268,5.196054532374872,13.0,290.0,True
Columbus,GA,201830,2024,2025-12-22,Wikipedia – List of United States cities by population,168271.72537087358,2025-11-30,Zillow ZHVI (City),Medium (100k–500k),0.833729997378356,5.226011147782059,5.304985720206672,14.0,289.0,True
Wichita Falls,TX,102372,2024,2025-12-22,Wikipedia – List of United States cities by population,168945.03998989656,2025-11-30,Zillow ZHVI (City),Medium (100k–500k),1.6503051614689228,5.227745445968041,5.010181188003777,15.0,288.0,True
Rockford,IL,147486,2024,2025-12-22,Wikipedia – List of United States cities by population,170161.72976306625,2025-11-30,Zillow ZHVI (City),Medium (100k–500k),1.1537483541696585,5.230861891696837,5.168750797186635,16.0,287.0,True
Augusta,GA,201737,2024,2025-12-22,Wikipedia – List of United States cities by population,172036.1581759411,2025-11-30,Zillow ZHVI (City),Medium (100k–500k),0.8527744448263883,5.235619735546673,5.304785558213585,17.0,286.0,True
Davenport,IA,100938,2024,2025-12-22,Wikipedia – List of United States cities by population,182858.1570487979,2025-11-30,Zillow ZHVI (City),Medium (100k–500k),1.811588866916304,5.262114338380741,5.004054695309804,18.0,285.0,True
South Bend,IN,103713,2024,2025-12-22,Wikipedia – List of United States cities by population,183750.33739205424,2025-11-30,Zillow ZHVI (City),Medium (100k–500k),1.771719431431491,5.264228145184112,5.015833196836574,19.0,284.0,True
Topeka,KS,125467,2024,2025-12-22,Wikipedia – List of United States cities by population,189084.1919012121,2025-11-30,Zillow ZHVI (City),Medium (100k–500k),1.5070432217333012,5.276655221827327,5.098529513845081,20.0,283.0,True
Philadelphia,PA,1573916,2024,2025-12-22,Wikipedia – List of United States cities by population,228620.65303421216,2025-11-30,Zillow ZHVI (City),Mega (>1M),0.1452559431597443,5.359115460939575,6.196981550316596,1.0,11.0,True
San Antonio,TX,1526656,2024,2025-12-22,Wikipedia – List of United States cities by population,245985.15922716787,2025-11-30,Zillow ZHVI (City),Mega (>1M),0.1611267759254002,5.390908906045769,6.1837411889016805,2.0,10.0,True
Houston,TX,2390125,2024,2025-12-22,Wikipedia – List of United States cities by population,261052.2485702269,2025-11-30,Zillow ZHVI (City),Mega (>1M),0.1092211698426763,5.416727438352848,6.378420614500712,3.0,9.0,True
Jacksonville,FL,1009833,2024,2025-12-22,Wikipedia – List of United States cities by population,280095.94084178127,2025-11-30,Zillow ZHVI (City),Mega (>1M),0.2773685756375373,5.447306815061379,6.004249558757694,4.0,8.0,True
Fort Worth,TX,1008106,2024,2025-12-22,Wikipedia – List of United States cities by population,292665.5662663754,2025-11-30,Zillow ZHVI (City),Mega (>1M),0.2903122948046886,5.466371628275257,6.003506199564614,5.0,7.0,True
Dallas,TX,1326087,2024,2025-12-22,Wikipedia – List of United States cities by population,302721.06455016346,2025-11-30,Zillow ZHVI (City),Mega (>1M),0.2282814510286002,5.481042641966178,6.1225720175683565,6.0,6.0,False
Chicago,IL,2721308,2024,2025-12-22,Wikipedia – List of United States cities by population,305458.784488989,2025-11-30,Zillow ZHVI (City),Mega (>1M),0.1122470460855548,5.484952619237995,6.434777698387788,7.0,5.0,False
Phoenix,AZ,1673164,2024,2025-12-22,Wikipedia – List of United States cities by population,403316.8568164257,2025-11-30,Zillow ZHVI (City),Mega (>1M),0.2410504031980282,5.605646373927692,6.2235385116762565,8.0,4.0,False
New York,NY,8478072,2024,2025-12-22,Wikipedia – List of United States cities by population,793962.721186909,2025-11-30,Zillow ZHVI (City),Mega (>1M),0.0936489712740006,5.899800111541839,6.928297100492395,9.0,3.0,False
Los Angeles,CA,3878704,2024,2025-12-22,Wikipedia – List of United States cities by population,921788.7574907336,2025-11-30,Zillow ZHVI (City),Mega (>1M),0.2376538033040762,5.964631406989292,6.588686638050262,10.0,2.0,False
San Diego,CA,1404452,2024,2025-12-22,Wikipedia – List of United States cities by population,968817.0115238166,2025-11-30,Zillow ZHVI (City),Mega (>1M),0.6898185281688635,5.986241756008302,6.147506900895121,11.0,1.0,False
